Food_item,Category,Timestamp (ms),Temperature (°C),Humidity (%),MQ2,MQ4,MQ135,MQ136
Spoiled_GreenChilli,Vegetable,0,24.1,93,770,215,679,432
,,2000,24.1,92.7,769,206,679,426
,,4000,24.1,92.5,769,203,678,420
,,6000,24.1,92.3,770,208,679,419
,,8000,24.1,92.2,770,206,680,414
,,10000,24.1,92,769,202,679,408
,,12000,24.1,91.8,769,203,679,416
,,14000,24.1,91.6,767,210,679,426
,,16000,24.1,91.3,766,214,679,435
,,18000,24.1,91.2,767,214,679,436
,,20000,24.1,90.9,768,213,678,437
,,22000,24.1,90.5,770,209,679,438
,,24000,24.1,90.3,770,211,680,436
,,26000,24.1,90,770,221,681,434
,,28000,24.1,89.8,769,233,682,433
,,30000,24.2,89.6,768,234,683,429
,,32000,24.1,89.1,767,228,683,424
,,34000,24.2,88.8,769,223,683,424
,,36000,24.1,88.5,767,220,682,420
,,38000,24.1,88.2,767,218,682,419
,,40000,24.2,87.9,766,223,681,419
,,42000,24.2,87.7,765,221,681,420
,,44000,24.1,87.2,763,216,680,416
,,46000,24.1,86.9,762,209,677,414
,,48000,24.2,86.6,760,216,677,410
,,50000,24.1,86.3,762,212,677,412
,,52000,24.2,86.1,765,208,677,417
,,54000,24.1,85.9,765,211,678,415
,,56000,24.1,85.6,765,211,680,416
,,58000,24.2,85.5,767,211,681,418
,,60000,24.1,85.2,769,208,681,418
,,62000,24.2,85.1,769,202,681,417
,,64000,24.1,84.9,769,196,680,416
,,66000,24.1,84.6,764,189,676,416
,,68000,24.1,84.5,762,184,673,410
,,70000,24.1,84.3,762,182,672,410
,,72000,24.1,84.2,759,180,671,413
,,74000,24.1,84,758,180,669,412
,,76000,24.1,83.9,759,179,669,413
,,78000,24.1,83.8,759,179,669,409
,,80000,24.1,83.7,759,186,671,406
,,82000,24.1,83.6,758,187,672,403
,,84000,24.1,83.5,758,187,672,400
,,86000,24.1,83.4,755,188,671,399
,,88000,24.1,83.4,753,206,669,399
,,90000,24.1,83.5,754,212,671,402
,,92000,24.1,83.5,755,207,671,402
,,94000,24.1,83.5,754,200,670,402
,,96000,24.1,83.4,753,201,670,398
,,98000,24.1,83.4,753,198,670,395
,,100000,24.1,83.3,751,197,669,391
,,102000,24.1,83.3,749,201,668,389
,,104000,24.1,83.2,749,198,669,386
,,106000,24.1,83.2,749,197,669,383
,,108000,24.1,83.2,749,197,670,381
,,110000,24.1,83.2,752,192,669,378
,,112000,24.1,83.3,760,192,666,386
,,114000,24.1,83.5,764,196,666,392
,,116000,24.1,83.6,765,198,666,396
,,118000,24.1,83.6,766,200,667,393
,,120000,24.1,83.6,768,198,667,393
,,122000,24.1,83.5,768,198,666,391
,,124000,24.1,83.5,767,196,666,389
,,126000,24.1,83.5,766,193,665,384
,,128000,24.1,83.4,766,192,666,381
,,130000,24.1,83.4,766,195,666,379
,,132000,24.1,83.4,766,196,665,379
,,134000,24.1,83.3,765,197,666,377
,,136000,24.1,83.4,766,196,666,375
,,138000,24.1,83.4,766,195,665,375
,,140000,24.1,83.3,766,193,663,375
,,142000,24.1,83.3,766,192,661,374
,,144000,24.1,83.2,767,190,661,373
,,146000,24.1,83.2,766,189,661,371
,,148000,24.1,83.1,765,188,660,369
,,150000,24.1,83.1,765,187,660,367
,,152000,24.1,83,765,186,660,365
,,154000,24.1,83,764,187,661,364
,,156000,24.1,82.9,763,192,662,363
,,158000,24.1,82.9,766,198,663,367
,,160000,24.1,82.8,768,194,664,370
,,162000,24.1,82.8,769,191,663,373
,,164000,24.1,82.7,768,193,663,372
,,166000,24.1,82.7,766,198,664,370
,,168000,24.1,82.7,767,197,664,371
,,170000,24.1,82.6,768,195,661,376
,,172000,24.1,82.6,765,197,659,377
,,174000,24.1,82.6,764,201,660,377
,,176000,24.1,82.6,765,196,662,377
,,178000,24.1,82.6,765,201,665,376
,,180000,24.1,82.6,765,206,666,376
,,182000,24.1,82.6,765,208,667,377
,,184000,24.1,82.6,765,206,666,379
,,186000,24.1,82.6,765,207,666,377
,,188000,24.1,82.6,765,208,665,376
,,190000,24.1,82.6,764,210,666,375
,,192000,24.1,82.6,764,208,666,374
,,194000,24.1,82.6,765,207,667,374
,,196000,24.1,82.6,767,206,666,377
,,198000,24,82.6,767,204,666,378
